step,train_loss
0,10.9462366
10,9.5315475
20,9.2046509
30,8.7611876
40,8.1998014
50,7.8076692
60,7.4252272
70,7.1040602
80,6.9272232
90,6.7407169
100,6.7900476
110,6.5864291
120,6.4549494
130,6.3844824
140,6.4749117
150,6.3380451
160,6.1824188
170,6.1340322
180,6.0036211
190,6.1245651
200,6.0082655
210,5.9422474
220,5.8279457
230,5.7732143
240,5.8934779
250,5.8230362
260,5.7192039
270,5.5858054
280,5.7468338
290,5.6403141
300,5.6582193
310,5.4785948
320,5.3787360
330,5.5068550
340,5.4039264
350,5.3403978
360,5.2375441
370,5.2571898
380,5.3095636
390,5.1795316
400,5.1171446
410,5.0189657
420,5.1593814
430,5.1416702
440,4.9460602
450,4.9578247
460,4.8293395
470,4.9316025
480,4.9287205
490,4.8165493
500,4.7631822
510,4.9008527
520,4.8392658
530,4.7440310
540,4.6613669
550,4.5801625
560,4.7204447
570,4.6490107
580,4.6273975
590,4.5169415
600,4.4380717
610,4.5627437
620,4.5592766
630,4.4520073
640,4.3964009
650,4.5702553
660,4.4360075
670,4.3549938
680,4.3774767
690,4.2320576
700,4.3413973
710,4.3092990
720,4.2900906
730,4.2317924
740,4.1208320
750,4.3412662
760,4.3148565
770,4.1933360
780,4.1461601
790,4.2437572
800,4.1956172
810,4.1949277
820,4.1899076
830,4.0211639
840,4.1388836
850,4.1848946
860,4.0888996
870,3.9953356
880,4.1272545
890,4.1104751
900,4.0834665
910,4.0709009
920,3.9714313
930,4.1287327
940,4.0774632
950,4.0460777
960,3.9142101
970,4.0304852
980,4.0460129
990,4.0063205
1000,4.0295095
1010,3.9284298
1020,3.9964707
1030,4.0433993
1040,3.9981961
1050,3.8924887
1060,3.8587506
1070,4.0081344
1080,3.9768770
1090,3.9371824
1100,3.7816567
1110,3.9317157
1120,3.9576766
1130,3.8885489
1140,3.8760052
1150,3.7813869
1160,3.8971798
1170,3.9031620
1180,3.8867202
1190,3.7693744
1200,3.7885642
1210,3.8704443
1220,3.8900130
1230,3.8310969
1240,3.6816649
1250,3.8031769
1260,3.8334143
1270,3.8284025
1280,3.7962093
1290,3.6665590
1300,3.7849603
1310,3.8094525
1320,3.7658973
1330,3.7172747
1340,3.6650090
1350,3.8247957
1360,3.8454952
1370,3.7855337
1380,3.6959236
1390,3.7346535
1400,3.8391747
1410,3.7991264
1420,3.6771369
1430,3.6471243
1440,3.7879639
1450,3.7736011
1460,3.7592092
1470,3.7629216
1480,3.6458471
1490,3.7394481
1500,3.7602630
1510,3.7006686
1520,3.6999559
1530,3.6898818
1540,3.7433214
1550,3.7341731
1560,3.6194749
1570,3.6461029
1580,3.7596774
1590,3.7126911
1600,3.6889391
1610,3.5995600
1620,3.5145931
1630,3.7212687
1640,3.6751831
1650,3.6521299
1660,3.5896189
1670,3.6941242
1680,3.7276039
1690,3.7048903
1700,3.6845584
1710,3.5328717
1720,3.7221985
1730,3.6576400
1740,3.6693466
1750,3.5779555
1760,3.5247045
1770,3.7412732
1780,3.6900272
1790,3.6135435
1800,3.4891934
1810,3.4994617
1820,3.7288284
1830,3.6272840
1840,3.5963056
1850,3.4453492
1860,3.6517911
1870,3.6497879
1880,3.6427171
1890,3.7014279
1900,3.5755682
1910,3.6806970
1920,3.6287224
1930,3.6057453
1940,3.4842653
1950,3.5434871
1960,3.6248288
1970,3.5862958
1980,3.5190408
1990,3.4739649
2000,3.6443748
2010,3.5977943
2020,3.6109991
2030,3.5600276
2040,3.5937252
2050,3.6015878
2060,3.5904083
2070,3.5915868
2080,3.4819980
2090,3.5991688
2100,3.6352439
2110,3.5913978
2120,3.5264680
2130,3.4666305
2140,3.6818771
2150,3.5592074
2160,3.5493917
2170,3.5071259
2180,3.5643840
2190,3.5698211
2200,3.6051679
2210,3.5299337
2220,3.4482031
2230,3.5230830
2240,3.5299077
2250,3.5436478
2260,3.4695773
2270,3.3908808
2280,3.5780182
2290,3.6151991
2300,3.5195274
2310,3.4784846
2320,3.4769630
2330,3.5781639
2340,3.5483074
2350,3.4571424
2360,3.3513889
2370,3.5448151
2380,3.4538212
2390,3.5389047
2400,3.3737707
2410,3.4448366
2420,3.5586066
2430,3.5808916
2440,3.5012298
2450,3.3917344
2460,3.3780360
2470,3.5247560
2480,3.5007260
2490,3.4510436
2500,3.3938093
2510,3.5795307
2520,3.5344529
2530,3.4849911
2540,3.4073915
2550,3.4566236
2560,3.5166793
2570,3.5418866
2580,3.4289348
2590,3.3525105
2600,3.5050118
2610,3.5021577
2620,3.5784843
2630,3.4708874
2640,3.3155441
2650,3.5487652
2660,3.5803599
2670,3.5590596
2680,3.3936892
2690,3.4020443
2700,3.5114579
2710,3.5748677
2720,3.4877067
2730,3.3631024
2740,3.3636107
2750,3.5271432
2760,3.4876142
2770,3.4809546
2780,3.4092574
2790,3.4493799
2800,3.5397899
2810,3.5168862
2820,3.4702282
2830,3.2812824
2840,3.3910930
2850,3.4869015
2860,3.4823568
2870,3.3853068
2880,3.3135648
2890,3.5340660
2900,3.4703341
2910,3.4718285
2920,3.3529119
2930,3.4101746
2940,3.4636290
2950,3.5161493
2960,3.4010494
2970,3.4109521
2980,3.3625779
2990,3.5299013
3000,3.4564688
3010,3.4503837
3020,3.2510805
3030,3.3804510
3040,3.5200663
3050,3.4421132
3060,3.3745565
3070,3.4028940
3080,3.4323604
3090,3.5076008
3100,3.3901777
3110,3.3132017
3120,3.3910131
3130,3.5033693
3140,3.4732656
3150,3.3928876
3160,3.2936490
3170,3.3431001
3180,3.4712305
3190,3.4159248
3200,3.3169889
3210,3.3284178
3220,3.4501677
3230,3.3956752
3240,3.4250188
3250,3.3328590
3260,3.3854609
3270,3.4511399
3280,3.4376974
3290,3.3358912
3300,3.3465488
3310,3.4518232
3320,3.4349322
3330,3.3900533
3340,3.3617024
3350,3.3994327
3360,3.4762301
3370,3.4689155
3380,3.4228525
3390,3.2514532
3400,3.3593178
3410,3.4449236
3420,3.4094808
3430,3.3263652
3440,3.2577751
3450,3.4566317
3460,3.4588125
3470,3.4278994
3480,3.2720785
3490,3.3323212
3500,3.3587184
3510,3.3892670
3520,3.3743765
3530,3.3389554
3540,3.2939324
3550,3.4011359
3560,3.4075315
3570,3.2907879
3580,3.2296457
3590,3.4278729
3600,3.4474332
3610,3.3723657
3620,3.3211081
3630,3.3375263
3640,3.5152984
3650,3.3862627
3660,3.3390422
3670,3.3303471
3680,3.3015537
3690,3.4146843
3700,3.3804989
3710,3.2532728
3720,3.2687585
3730,3.3846700
3740,3.3817225
3750,3.3816133
3760,3.2973685
3770,3.3496907
3780,3.4262395
3790,3.3678389
3800,3.3218796
3810,3.2250633
3820,3.2721543
3830,3.4430964
3840,3.3664060
3850,3.3526454
3860,3.3061194
3870,3.3689806
3880,3.4090965
3890,3.3275223
3900,3.2699072
3910,3.3340182
3920,3.3789723
3930,3.3958712
3940,3.3357255
3950,3.2838466
3960,3.3043017
3970,3.3905716
3980,3.3857436
3990,3.2958274
4000,3.3222523
4010,3.4203391
4020,3.4048121
4030,3.4158907
4040,3.3148336
4050,3.2705305
4060,3.4086981
4070,3.3550518
4080,3.3579929
4090,3.2640283
4100,3.3441432
4110,3.3455896
4120,3.3096199
4130,3.2476203
4140,3.2302322
4150,3.4326718
4160,3.3464961
4170,3.3288612
4180,3.2040362
4190,3.2685895
4200,3.4242878
4210,3.3611057
4220,3.2754071
4230,3.2681980
4240,3.2701569
4250,3.4174457
4260,3.3567607
4270,3.2395391
4280,3.2657974
4290,3.2551017
4300,3.4047832
4310,3.3274713
4320,3.2729521
4330,3.3103256
4340,3.4036450
4350,3.3662071
4360,3.3530087
4370,3.2980685
4380,3.2132375
4390,3.3615899
4400,3.3146586
4410,3.3032694
4420,3.2642767
4430,3.2750497
4440,3.3681769
4450,3.3242643
4460,3.2472119
4470,3.2734978
4480,3.3896000
4490,3.3366117
4500,3.3129313
4510,3.3346491
4520,3.3095992
4530,3.3592658
4540,3.3426914
4550,3.2160103
4560,3.1971388
4570,3.2124262
4580,3.4134598
4590,3.3623009
4600,3.1765847
4610,3.3194880
4620,3.3951237
4630,3.3298495
4640,3.3257008
4650,3.2608900
4660,3.2516794
4670,3.3551922
4680,3.3158686
4690,3.2510746
4700,3.2566400
4710,3.1646609
4720,3.3235223
4730,3.3254268
4740,3.2168760
4750,3.2119150
4760,3.3684912
4770,3.2737370
4780,3.2400966
4790,3.3035321
4800,3.2706180
4810,3.3591182
4820,3.2601032
4830,3.2797723
4840,3.2001874
4850,3.2270429
4860,3.3562744
4870,3.2686362
4880,3.2557340
4890,3.2079775
4900,3.3859370
4910,3.3221133
4920,3.2634740
4930,3.2159872
4940,3.2515893
4950,3.3815157
4960,3.3778913
4970,3.1725984
4980,3.1978521
4990,3.2946374
5000,3.2946606
5010,3.3025329
5020,3.2133765
5030,3.1691146
5040,3.3289726
5050,3.3505139
5060,3.1441336
5070,3.2739503
5080,3.2893248
5090,3.4159050
5100,3.3176308
5110,3.2268939
5120,3.2444894
5130,3.3480556
5140,3.2993555
5150,3.2981110
5160,3.2037029
5170,3.1805274
5180,3.3354850
5190,3.3564985
5200,3.1614375
5210,3.2986140
5220,3.2054210
5230,3.3282318
5240,3.2723420
5250,3.1692162
5260,3.2000129
5270,3.3239233
5280,3.3586550
5290,3.2240098
5300,3.1833529
5310,3.1943574
5320,3.3635252
5330,3.3016281
5340,3.1957424
5350,3.2351143
5360,3.1810713
5370,3.3138602
5380,3.3257666
5390,3.1482701
5400,3.1224501
5410,3.2871335
5420,3.3608654
5430,3.2144811
5440,3.2541578
5450,3.2113822
5460,3.3686228
5470,3.3473279
5480,3.1677566
5490,3.2531309
5500,3.2466245
5510,3.3117723
5520,3.2087977
5530,3.2416945
5540,3.2065928
5550,3.3741543
5560,3.3281417
5570,3.1711607
5580,3.1501269
5590,3.2269127
5600,3.3183556
5610,3.2165964
5620,3.1808875
5630,3.2135317
5640,3.3196054
5650,3.3033638
5660,3.1596980
5670,3.2489140
5680,3.2054992
5690,3.2785611
5700,3.2235649
5710,3.2258635
5720,3.1617436
5730,3.3060937
5740,3.3525829
5750,3.1507874
5760,3.2950621
5770,3.1450267
5780,3.3060944
5790,3.2322803
5800,3.1865859
5810,3.1854706
5820,3.2859943
5830,3.2785449
5840,3.1739714
5850,3.2607503
5860,3.1618207
5870,3.3247609
5880,3.2738709
5890,3.2560129
5900,3.2999713
5910,3.2787490
5920,3.3673971
5930,3.2744732
5940,3.2796953
5950,3.2861772
5960,3.2927523
5970,3.2882528
5980,3.2936077
5990,3.2803326
6000,3.2525311
6010,3.3053722
6020,3.2787621
6030,3.2423193
6040,3.2541475
6050,3.2209463
6060,3.2979047
6070,3.3518126
6080,3.2504692
6090,3.3384316
6100,3.3093181
6110,3.2861629
6120,3.3164866
6130,3.2768421
6140,3.3254735
6150,3.3059154
6160,3.2515273
6170,3.2809408
6180,3.3489079
6190,3.2696691
6200,3.2521992
6210,3.2414374
6220,3.2756584
6230,3.2877724
6240,3.2882786
6250,3.2770314
6260,3.2990031
6270,3.2696228
6280,3.2293129
6290,3.2447605
6300,3.2632632
6310,3.2204754
6320,3.2428570
6330,3.2341881
6340,3.2895646
6350,3.2197766
6360,3.2896318
6370,3.2796278
6380,3.3016498
6390,3.2539253
6400,3.2711203
6410,3.2319341
6420,3.2166295
6430,3.3216801
6440,3.2293541
6450,3.2511048
6460,3.2616429
6470,3.2491987
6480,3.3014762
6490,3.2441518
6500,3.2785285
6510,3.3339291
6520,3.2337055
6530,3.2634382
6540,3.2527015
6550,3.2848837
6560,3.2248523
6570,3.2985191
6580,3.2365541
6590,3.2855959
6600,3.2788002
6610,3.2130547
6620,3.2752595
6630,3.2685778
6640,3.2932608
6650,3.2517619
6660,3.2559071
6670,3.3008621
6680,3.2638919
6690,3.2340322
6700,3.2363820
6710,3.3071270
6720,3.2970881
6730,3.2732282
6740,3.2972527
6750,3.2919180
6760,3.2628055
6770,3.2457237
6780,3.2462173
6790,3.2697446
6800,3.2719851
6810,3.3471637
6820,3.2570596
6830,3.2414052
6840,3.2459023
6850,3.2142479
6860,3.2252226
6870,3.2161911
6880,3.2515569
6890,3.1751881
6900,3.2446406
6910,3.2587571
6920,3.2875907
6930,3.2518415
6940,3.2254045
6950,3.2302847
6960,3.2203920
6970,3.2223477
6980,3.2210293
6990,3.2751329
7000,3.2538104
7010,3.2144318
7020,3.2163877
7030,3.1904087
7040,3.2700717
7050,3.2725041
7060,3.2050328
7070,3.2657690
7080,3.2636256
7090,3.1857224
7100,3.2204785
7110,3.2636776
7120,3.2640967
7130,3.2525830
7140,3.2751660
7150,3.2234306
7160,3.2563488
7170,3.3085496
7180,3.2641590
7190,3.2576265
7200,3.1798477
7210,3.2247882
7220,3.2394760
7230,3.2870107
7240,3.2134805
7250,3.2233276
7260,3.2067792
7270,3.2308149
7280,3.2216356
7290,3.2874062
7300,3.2494152
7310,3.2987862
7320,3.2449780
7330,3.2551751
7340,3.2236726
7350,3.2497029
7360,3.2338076
7370,3.2170014
7380,3.1903098
7390,3.2583060
7400,3.2873511
7410,3.2100194
7420,3.2233987
7430,3.2630081
7440,3.2610424
7450,3.1800597
7460,3.2067847
7470,3.2067571
7480,3.1882966
7490,3.2806039
7500,3.2607112
7510,3.2334499
7520,3.2243905
7530,3.2320261
7540,3.2374153
7550,3.2302403
7560,3.2049420
7570,3.2542784
7580,3.1977658
7590,3.2086954
7600,3.2473056
7610,3.2006435
7620,3.2835255
7630,3.1880760
7640,3.2334192
7650,3.1902936
7660,3.2215106
7670,3.2360549
7680,3.2374403
7690,3.2200055
7700,3.1869121
7710,3.2268968
7720,3.2904589
7730,3.2472196
7740,3.2651587
7750,3.1684275
7760,3.2651892
7770,3.2464883
7780,3.2309086
7790,3.2407620
7800,3.2156069
7810,3.2231467
7820,3.2919736
7830,3.2360368
7840,3.2187657
7850,3.2867827
7860,3.2144060
7870,3.1986220
7880,3.2585201
7890,3.2023008
7900,3.1872017
7910,3.3111501
7920,3.2528076
7930,3.2200360
7940,3.2239206
7950,3.2459233
7960,3.2225823
7970,3.2314796
7980,3.2370172
7990,3.2528300
8000,3.2738972
8010,3.2599967
8020,3.1872413
8030,3.1377354
8040,3.2233272
8050,3.2079558
8060,3.2022269
8070,3.2246814
8080,3.2324409
8090,3.1778846
8100,3.2262683
8110,3.2703085
8120,3.2175188
8130,3.2158341
8140,3.2508979
8150,3.2395782
8160,3.2402534
8170,3.2191987
8180,3.2337554
8190,3.2856243
8200,3.2382283
8210,3.2562785
8220,3.2395473
8230,3.2249455
8240,3.2247396
8250,3.2333412
8260,3.2133293
8270,3.1911252
8280,3.1449127
8290,3.1931376
8300,3.3075852
8310,3.1843276
8320,3.2441101
8330,3.2731342
8340,3.3187113
8350,3.3099844
8360,3.2541697
8370,3.2326884
8380,3.2016184
8390,3.2250423
8400,3.2226076
8410,3.2159221
8420,3.2147293
8430,3.2146327
8440,3.2548075
8450,3.1888926
8460,3.1989040
8470,3.2565172
8480,3.2231872
8490,3.2036119
8500,3.1912413
8510,3.2659242
8520,3.2639117
8530,3.1830394
8540,3.1705832
8550,3.1950493
8560,3.2287109
8570,3.3878620
8580,3.1602635
8590,3.2129898
8600,3.2003999
8610,3.2752399
8620,3.2293105
8630,3.2427649
8640,3.2335463
8650,3.2226851
8660,3.2174239
8670,3.2208800
8680,3.2651000
8690,3.2045105
8700,3.1721702
8710,3.2068796
8720,3.1635349
8730,3.2079151
8740,3.1565146
8750,3.2268057
8760,3.2274628
8770,3.2103186
8780,3.2090862
8790,3.2108319
8800,3.2051148
8810,3.2252831
8820,3.1941195
8830,3.2131083
8840,3.1718700
8850,3.1907513
8860,3.2238643
8870,3.2274580
8880,3.2344820
8890,3.2425847
8900,3.1618400
8910,3.1911039
8920,3.2808890
8930,3.2315896
8940,3.2227921
8950,3.2287130
8960,3.2049994
8970,3.2048564
8980,3.1539063
8990,3.2259884
9000,3.2233806
9010,3.1993487
9020,3.1804690
9030,3.2368650
9040,3.1449542
9050,3.2582331
9060,3.3073273
9070,3.2034938
9080,3.1899130
9090,3.1707485
9100,3.2114806
9110,3.2206635
9120,3.1882722
9130,3.2415271
9140,3.1733766
9150,3.2311971
9160,3.1473775
9170,3.1391008
9180,3.1930909
9190,3.2606919
9200,3.1724453
9210,3.2034991
9220,3.1542673
9230,3.1993077
9240,3.1625271
9250,3.1991439
9260,3.1968501
9270,3.2154770
9280,3.1580832
9290,3.2293644
9300,3.1854236
9310,3.2115715
9320,3.1851811
9330,3.1620319
9340,3.1873474
9350,3.2429285
9360,3.1636558
9370,3.1840463
9380,3.2195849
9390,3.1756189
9400,3.1673746
9410,3.1744161
9420,3.1931691
9430,3.2408295
9440,3.2042477
9450,3.1821773
9460,3.1602824
9470,3.1762612
9480,3.1806006
9490,3.2758899
9500,3.1664705
9510,3.1628056
9520,3.2001073
9530,3.1783731
9540,3.1766438
9550,3.1930108
9560,3.1776679
9570,3.0976150
9580,3.1944299
9590,3.1767707
9600,3.1343136
9610,3.1160820
9620,3.1253526
9630,3.1356719
9640,3.2330821
9650,3.1681113
9660,3.1372709
9670,3.1802363
9680,3.2051764
9690,3.1959565
9700,3.1493628
9710,3.1660924
9720,3.2077255
9730,3.1493862
9740,3.1825285
9750,3.2223463
9760,3.1550243
9770,3.1867018
9780,3.1517777
9790,3.1903701
9800,3.1716311
9810,3.1733012
9820,3.1406770
9830,3.1514583
9840,3.2186191
9850,3.1457574
9860,3.1847515
9870,3.2069757
9880,3.1274183
9890,3.1927900
9900,3.1660004
9910,3.1015658
9920,3.1470644
9930,3.1374238
9940,3.1766601
9950,3.1621299
9960,3.1376548
9970,3.2350581
9980,3.2237420
9990,3.2103219
10000,3.1544921
10010,3.1605625
10020,3.1587663
10030,3.1330683
10040,3.1689367
10050,3.1642463
10060,3.1206644
10070,3.1718800
10080,3.2043638
10090,3.1682067
10100,3.2134643
10110,3.2076287
10120,3.2374887
10130,3.1621943
10140,3.1686254
10150,3.1445358
10160,3.1759801
10170,3.1067107
10180,3.2041252
10190,3.2107837
10200,3.1569774
10210,3.1780584
10220,3.1659830
10230,3.1411273
10240,3.1915963
10250,3.2258530
10260,3.1434789
10270,3.1409569
10280,3.1367056
10290,3.1864986
10300,3.1717954
10310,3.2029731
10320,3.2402408
10330,3.2031059
10340,3.1681099
10350,3.2020154
10360,3.1814468
10370,3.1398909
10380,3.1344666
10390,3.1842275
10400,3.2430105
10410,3.1043165
10420,3.1320162
10430,3.1547551
10440,3.1501637
10450,3.1420484
10460,3.1915178
10470,3.1696742
10480,3.1136842
10490,3.1645029
10500,3.1989143
10510,3.1588607
10520,3.1366620
10530,3.1554983
10540,3.2035639
10550,3.1732891
10560,3.1806960
10570,3.1866307
10580,3.1467328
10590,3.1581492
10600,3.2466815
10610,3.2101350
10620,3.1583507
10630,3.1861320
10640,3.1986108
10650,3.2164698
10660,3.1415803
10670,3.2320359
10680,3.2149096
10690,3.1347375
10700,3.1789474
10710,3.1720941
10720,3.1561584
10730,3.1499767
10740,3.1297774
10750,3.1458392
10760,3.1831827
10770,3.1711216
10780,3.1420603
10790,3.1446874
10800,3.1495852
10810,3.1896639
10820,3.1459079
10830,3.1773634
10840,3.1643434
10850,3.1981230
10860,3.1753216
10870,3.1296401
10880,3.2323964
10890,3.1759231
10900,3.1383126
10910,3.0743866
10920,3.1595507
10930,3.1566541
10940,3.0710020
10950,3.1044765
10960,3.1373196
10970,3.1382627
10980,3.1394339
10990,3.1166143
11000,3.1700912
11010,3.1548162
11020,3.1396685
11030,3.1693597
11040,3.1235363
11050,3.0990381
11060,3.1411285
11070,3.2163086
11080,3.1588128
11090,3.1511617
11100,3.2151906
11110,3.1643116
11120,3.1771412
11130,3.1553769
11140,3.1639347
11150,3.1170659
11160,3.1380124
11170,3.1933875
11180,3.1140909
11190,3.1215124
11200,3.1386781
11210,3.1751781
11220,3.0754519
11230,3.2052491
11240,3.1525052
11250,3.1458087
11260,3.2433064
11270,3.1624820
11280,3.1736894
11290,3.0920420
11300,3.1414306
11310,3.1041155
11320,3.1183500
11330,3.0989330
11340,3.2041230
11350,3.1577663
11360,3.1711941
11370,3.1342278
11380,3.1530156
11390,3.1532488
11400,3.1176860
11410,3.1401405
11420,3.1604164
11430,3.1300945
11440,3.1330652
11450,3.1733961
11460,3.1771436
11470,3.0712070
11480,3.1546371
11490,3.1544995
11500,3.1126692
11510,3.1076853
11520,3.1341238
11530,3.1566041
11540,3.0301166
11550,3.1095290
11560,3.1604080
11570,3.1381540
11580,3.0788002
11590,3.1314116
11600,3.0926657
11610,3.0771194
11620,3.1454909
11630,3.1698573
11640,3.1302576
11650,3.1710629
11660,3.1806147
11670,3.1477938
11680,3.0874825
11690,3.1462302
11700,3.1562932
11710,3.1107481
11720,3.1107488
11730,3.2670841
11740,3.1122379
11750,3.2951453
11760,3.1620479
11770,3.1239071
11780,3.0713878
11790,3.1563354
11800,3.1706553
11810,3.1463447
11820,3.1570675
11830,3.1467752
11840,3.1418066
11850,3.1675317
11860,3.0695381
11870,3.1119595
11880,3.1226020
11890,3.0846286
11900,3.1147439
11910,3.1108923
11920,3.1203699
11930,3.1352234
11940,3.2081895
11950,3.1004696
11960,3.1337664
11970,3.1986179
11980,3.0742183
11990,3.1363120
12000,3.1345859
12010,3.0880151
12020,3.0864255
12030,3.0969155
12040,3.0831990
12050,3.1212590
12060,3.1277809
12070,3.0942132
12080,3.0984926
12090,3.0870867
12100,3.1173167
12110,3.1341043
12120,3.1531754
12130,3.0799885
12140,3.1382456
12150,3.1104136
12160,3.0979352
12170,3.1426325
12180,3.0842218
12190,3.1238120
12200,3.0974867
12210,3.1792850
12220,3.0918591
12230,3.1143980
12240,3.1255152
12250,3.0862348
12260,3.1361890
12270,3.1020648
12280,3.1483967
12290,3.1268957
12300,3.0994830
12310,3.1316595
12320,3.0881529
12330,3.1184211
12340,3.1718576
12350,3.1188886
12360,3.0689135
12370,3.1279359
12380,3.1207867
12390,3.1241345
12400,3.1382856
12410,3.1369791
12420,3.1108222
12430,3.1487899
12440,3.1345592
12450,3.0908198
12460,3.0991979
12470,3.1091518
12480,3.1415737
12490,3.0596614
12500,3.1270871
12510,3.1253366
12520,3.1041121
12530,3.1424093
12540,3.1105723
12550,3.1364772
12560,3.1012306
12570,3.1158314
12580,3.0955486
12590,3.1044436
12600,3.1402617
12610,3.0844436
12620,3.1075394
12630,3.1536279
12640,3.1206727
12650,3.1324155
12660,3.1328223
12670,3.1158848
12680,3.1805725
12690,3.1291280
12700,3.3169041
12710,3.0975866
12720,3.1311843
12730,3.1633029
12740,3.1088309
12750,3.1357329
12760,3.1341777
12770,3.1184809
12780,3.1381607
12790,3.0720270
12800,3.1069071
12810,3.1060956
12820,3.1101105
12830,3.0454822
12840,3.1311078
12850,3.1311822
12860,3.0579805
12870,3.1240892
12880,3.1511183
12890,3.1104088
12900,3.0621476
12910,3.1666858
12920,3.1349163
12930,3.0561635
12940,3.0834868
12950,3.1235468
12960,3.1313963
12970,3.1137578
12980,3.1261599
12990,3.1127639
13000,3.0509148
13010,3.0838892
13020,3.1675887
13030,3.1231649
13040,3.0615273
13050,3.0469315
13060,3.0783534
13070,3.1080933
13080,3.0207832
13090,3.0741756
13100,3.1255875
13110,3.1175723
13120,3.1062574
13130,3.0988712
13140,3.0870643
13150,3.1511593
13160,3.1650739
13170,3.0780802
13180,3.0606186
13190,3.0880432
13200,3.1720695
13210,3.1122196
13220,3.0369620
13230,3.1790235
13240,3.0981741
13250,3.0684080
13260,3.0779290
13270,3.1333852
13280,3.0942144
13290,3.0440769
13300,3.1672444
13310,3.1672645
13320,3.0995314
13330,3.0737364
13340,3.1010420
13350,3.0890749
13360,3.0521500
13370,3.0609736
13380,3.0873919
13390,3.1497247
13400,3.0863254
13410,3.2010996
13420,3.1068773
13430,3.0585337
13440,3.1849236
13450,3.1392727
13460,3.1182351
13470,3.0390921
13480,3.1968517
13490,3.1796770
13500,3.0659218
13510,3.1246898
13520,3.0820312
13530,3.1157475
13540,3.0968463
13550,3.1214616
13560,3.1017206
13570,3.1042056
13580,3.0937989
13590,3.0872192
13600,3.1032143
13610,3.0925579
13620,3.1188293
13630,3.1160059
13640,3.0608516
13650,3.0468559
13660,3.0489733
13670,3.1305985
13680,3.1114581
13690,3.0682616
13700,3.0857530
13710,3.0640130
13720,3.0908592
13730,3.1110547
13740,3.0681713
13750,3.0361676
13760,3.0161233
13770,3.1021991
13780,3.0335946
13790,3.1034169
13800,3.0729163
13810,3.0699465
13820,3.0470431
13830,3.1000409
13840,3.0868437
13850,3.0582011
13860,3.0554471
13870,3.1559281
13880,3.0899458
13890,3.0716579
13900,3.0952120
13910,3.0980024
13920,3.0718358
13930,3.0964320
13940,3.0974214
13950,3.1295218
13960,3.0467274
13970,3.0654955
13980,3.1165390
13990,3.0391099
14000,3.1019135
14010,3.1444206
14020,3.1207218
14030,3.0659494
14040,3.0286341
14050,3.0822527
14060,3.0509734
14070,3.0759118
14080,3.0811481
14090,3.1495018
14100,3.0850530
14110,3.1092691
14120,3.1092114
14130,3.0619867
14140,3.0846267
14150,3.0371764
14160,3.0925069
14170,3.0545576
14180,3.0421410
14190,3.0739579
14200,3.1062722
14210,3.0620799
14220,3.0981746
14230,3.1137390
14240,3.0669942
14250,3.1178935
14260,3.1456175
14270,3.0571539
14280,3.0711710
14290,3.0115728
14300,3.0806541
14310,3.0697317
14320,3.0608644
14330,3.0872118
14340,3.0869126
14350,3.0845683
14360,3.1038628
14370,3.0630279
14380,3.0847685
14390,3.1024232
14400,3.0396638
14410,3.0972118
14420,3.0252929
14430,3.0686779
14440,3.2480133
14450,3.0642276
14460,3.1186786
14470,3.1142786
14480,3.0275095
14490,3.0435381
14500,3.0842671
14510,3.0953267
14520,3.0454574
14530,2.9918361
14540,3.0553331
14550,3.0876369
14560,3.0376639
14570,3.0470715
14580,3.0543826
14590,3.0856669
14600,3.0534291
14610,3.0689862
14620,3.0542383
14630,3.0563695
14640,3.0006614
14650,3.1292629
14660,3.0707943
14670,3.1040146
14680,3.0667322
14690,3.0684457
14700,3.1189127
14710,3.0400310
14720,3.0498817
14730,3.0717192
14740,3.1291714
14750,3.0768628
14760,3.1004605
14770,3.0269630
14780,3.0359862
14790,3.1372552
14800,3.0184152
14810,3.1267710
14820,3.0376925
14830,3.0406477
14840,3.0360739
14850,3.0784845
14860,3.0691676
14870,3.0007529
14880,3.0583344
14890,3.0682721
14900,3.0848444
14910,3.0543251
14920,3.0065594
14930,3.0554378
14940,3.0281959
14950,3.1130898
14960,3.1227446
14970,3.0380492
14980,3.0760746
14990,3.0791359
15000,3.0779834
15010,3.0119090
15020,3.0310483
15030,3.0691216
15040,3.0971997
15050,3.0415797
15060,3.0497749
15070,3.0553849
15080,3.0525510
15090,3.0756474
15100,3.0798385
15110,3.0541279
15120,3.0903280
15130,3.0019255
15140,3.0016541
15150,3.0516560
15160,3.0665655
15170,3.0427949
15180,3.1474748
15190,2.9895580
15200,3.0030999
15210,3.0643430
15220,3.0280280
15230,3.0211849
15240,3.0554500
15250,3.0378265
15260,3.0990500
15270,3.0647264
15280,3.0500586
15290,2.9986596
15300,3.0800908
15310,3.1170595
15320,3.0057027
15330,3.0097208
15340,3.0724263
15350,3.0274866
15360,3.1037059
15370,3.0225420
15380,3.0619349
15390,3.0508013
15400,3.0583947
15410,3.0332825
15420,3.1184869
15430,3.0603971
15440,3.0313456
15450,3.1009498
15460,3.0593750
15470,3.0168741
15480,3.1197445
15490,3.0651968
15500,3.0236387
15510,3.0898993
15520,2.9809799
15530,3.0585353
15540,3.0676816
15550,3.0354192
15560,3.0814159
15570,3.1185818
15580,3.0810809
15590,3.1086960
15600,3.0641284
15610,3.0495028
15620,3.1035600
15630,3.0217407
15640,3.0224719
15650,3.0395472
15660,3.0667233
15670,3.0117412
15680,3.0279450
15690,3.0533919
15700,3.0923059
15710,3.0130839
15720,3.0532746
15730,3.0342884
15740,3.0520856
15750,3.0711131
15760,3.0607047
15770,3.0419383
15780,3.0574989
15790,3.1291590
15800,3.0684390
15810,3.0363953
15820,3.0313673
15830,3.0904450
15840,3.0828516
15850,3.0045693
15860,3.0196700
15870,3.0991621
15880,3.0355067
15890,3.0454054
15900,3.0242631
15910,3.0307770
15920,3.0458918
15930,3.0344236
15940,3.0370288
15950,2.9931536
15960,3.0196867
15970,3.0675411
15980,3.0274332
15990,3.0169239
16000,2.9797421
16010,3.0341530
16020,2.9965525
16030,3.1178589
16040,3.0183258
16050,3.0222023
16060,3.0108821
16070,3.0818756
16080,3.0823259
16090,3.0500770
16100,2.9900765
16110,3.0547545
16120,2.9706697
16130,3.0380509
16140,2.9928484
16150,3.0788977
16160,2.9943941
16170,3.0746765
16180,3.0332189
16190,3.0516329
16200,3.0981178
16210,3.0351932
16220,3.0484617
16230,3.0039096
16240,3.0479727
16250,3.0431609
16260,3.0444221
16270,3.0844154
16280,3.0752378
16290,3.0347054
16300,3.0219915
16310,3.1129873
16320,3.0903492
16330,3.0386758
16340,3.0579433
16350,2.9836326
16360,3.0547285
16370,3.0727079
16380,3.0887439
16390,3.0319331
16400,3.0429556
16410,3.0739777
16420,3.0951426
16430,2.9764166
16440,3.0321517
16450,3.0843465
16460,3.1001353
16470,3.0322175
16480,3.1398048
16490,3.0323057
16500,3.0145895
16510,3.0630631
16520,3.1781206
16530,3.0589249
16540,3.0975473
16550,3.0000591
16560,3.0552773
16570,3.0204909
16580,3.0771999
16590,3.0468788
16600,2.9925699
16610,3.0511322
16620,3.0993466
16630,3.1306190
16640,2.9916039
16650,3.0584054
16660,3.0704165
16670,3.0717936
16680,2.9887514
16690,2.9998410
16700,3.0577281
16710,3.0071387
16720,3.0853918
16730,3.1004257
16740,3.0683126
16750,3.0367825
16760,3.0957029
16770,3.0775726
16780,2.9982080
16790,3.0803380
16800,3.0737493
16810,3.0393784
16820,2.9873459
16830,2.9932938
16840,3.0647726
16850,3.0341051
16860,3.0630655
16870,3.0763431
16880,3.0438528
16890,3.0742121
16900,2.9807026
16910,3.0388525
16920,3.0350814
16930,3.0031352
16940,3.0545177
16950,3.0325241
16960,3.0305381
16970,3.0310802
16980,3.0637846
16990,3.0289135
17000,2.9897432
17010,3.0567060
17020,3.0218732
17030,3.0069084
17040,3.0052030
17050,3.0471587
17060,3.0021772
17070,3.1485252
17080,3.1002774
17090,3.0414076
17100,3.0353296
17110,3.0367010
17120,3.0472808
17130,3.0632820
17140,3.0066137
17150,2.9900460
17160,3.0538480
17170,3.0038407
17180,3.0366874
17190,3.0645046
17200,3.0517659
17210,3.0170960
17220,3.1081090
17230,3.0587935
17240,3.0106382
17250,3.1138515
17260,3.0906889
17270,3.0188422
17280,3.0774429
17290,3.0506148
17300,3.0465500
17310,3.0288210
17320,3.0278215
17330,3.0905237
17340,3.0696843
17350,3.0229545
17360,3.1034842
17370,3.0841367
17380,3.0095339
17390,3.0616183
17400,3.1138394
17410,2.9710472
17420,3.0331831
17430,3.0771127
17440,3.0829720
17450,3.0404429
17460,3.0626583
17470,3.0611651
17480,3.0275702
17490,2.9905539
17500,3.0181026
17510,3.1300802
17520,3.0284262
17530,3.1310606
17540,3.0225143
17550,2.9945014
17560,2.9930260
17570,3.0083325
17580,3.0782607
17590,3.0426605
17600,2.9903517
17610,3.0835114
17620,3.0996695
17630,3.0366163
17640,3.0133071
17650,3.0601671
17660,3.0033252
17670,3.0588641
17680,3.1253529
17690,3.0159743
17700,2.9712663
17710,3.0877285
17720,3.0372410
17730,3.0047758
17740,3.0303240
17750,3.0588746
17760,3.0418267
17770,2.9885688
17780,3.0151219
17790,3.0980387
17800,3.0247457
17810,3.0303662
17820,3.0466306
17830,3.0567000
17840,2.9667263
17850,3.0516472
17860,3.0821335
17870,2.9748020
17880,3.0389662
17890,3.0582793
17900,3.0337589
17910,3.0433936
17920,3.0615575
17930,3.0691772
17940,3.0430579
17950,3.0603719
17960,3.0705628
17970,2.9936490
17980,3.0482850
17990,3.0372097
18000,3.0628190
18010,3.0699134
18020,3.0244288
18030,3.0936613
18040,2.9886060
18050,3.0035248
18060,2.9791703
18070,3.0171862
18080,2.9960825
18090,3.0477009
18100,3.0178752
18110,3.0505736
18120,2.9457552
18130,2.9860148
18140,3.0210481
18150,2.9884586
18160,2.9987087
18170,3.0138988
18180,3.0388584
18190,3.0289378
18200,3.0233397
18210,3.0775628
18220,3.0703940
18230,3.0072081
18240,3.0210252
18250,3.0395322
18260,2.9938860
18270,3.0409665
18280,3.0273056
18290,3.0262203
18300,3.0632827
18310,3.0419052
18320,3.1252873
18330,3.0188377
18340,2.9826884
18350,3.0577188
18360,3.0110950
18370,3.0973475
18380,2.9867959
18390,3.0932918
18400,2.9540586
18410,3.0736742
18420,3.0567312
18430,3.0345016
18440,3.0083966
18450,3.0005183
18460,2.9987433
18470,2.9499321
18480,2.9891791
18490,3.0160089
18500,3.0274336
18510,2.9947975
18520,3.0081158
18530,3.0436318
18540,3.0331795
18550,3.0531645
18560,2.9737027
18570,3.0300388
18580,2.9564657
18590,3.0680933
18600,3.0607758
18610,2.9712059
18620,2.9396756
18630,3.0459707
18640,3.0305066
18650,3.0117984
18660,2.9739881
18670,3.2265012
18680,2.9879799
18690,3.0242805
18700,2.9906268
18710,3.0485754
18720,2.9976206
18730,3.0167019
18740,3.1090975
18750,3.0405617
18760,2.9300988
18770,3.0187201
18780,3.0740514
18790,3.0471554
18800,3.0648136
18810,3.0192881
18820,3.1029024
18830,3.0824893
18840,3.0854011
18850,3.0340059
18860,3.0296500
18870,3.0826585
18880,3.0202832
18890,3.0610695
18900,2.9920855
18910,2.9898312
18920,3.0966184
18930,3.0583658
18940,3.0445333
18950,2.9292879
18960,3.0714319
18970,2.9537916
18980,3.0158772
18990,2.9966145
19000,3.0818896
19010,3.1056027
19020,2.9676895
19030,3.0203395
19040,2.9473515
19050,3.0626087
19060,3.0026371
19070,3.0319834
19080,3.0488825
19090,2.9790430
19100,3.0390940
19110,3.1250095
19120,3.0597341
19130,2.9793077
19140,3.0379992
19150,3.1255565
19160,3.1665554
19170,3.0395358
19180,2.9656689
19190,3.0763583
19200,3.1065199
19210,3.0808253
19220,2.9783869
19230,2.9717891
19240,3.1113391
19250,3.0869434
19260,3.0517061
19270,2.9806442
19280,2.9935644
19290,3.1548166
19300,3.0589259
19310,3.0821898
19320,2.9709194
19330,2.9936671
19340,3.0591691
19350,3.0580168
19360,3.0054178
19370,2.9722807
19380,3.0596220
19390,3.0096092
19400,3.0513391
19410,2.9483194
19420,3.0288513
19430,3.0811176
19440,3.0747490
19450,3.0716200
19460,2.9696417
19470,3.0432513
19480,3.0324783
19490,3.0885286
19500,2.9973960
19510,3.0475559
19520,3.0711446
19530,3.1465039
19540,3.0724130
19550,3.0118768
19560,3.0404096
19570,3.0649891
19580,3.0865955
19590,3.0297961
19600,2.9688368
19610,3.0778275
19620,3.1141038
19630,3.0391440
19640,2.9624863
19650,2.9725895
19660,3.0630322
19670,3.0536351
19680,3.0248623
19690,2.9267716
19700,3.0562057
